stock_code,sector
069730,1차 철강 제조업
006360,건물 건설업
001250,상품 종합 도매업
039570,전기 및 통신 공사업
294870,건물 건설업
009540,기타산업군
204320,자동차 신품 부품 제조업
034220,전자부품 제조업
000680,상품 종합 도매업
035420,"자료처리, 호스팅, 포털 및 기타 인터넷 정보매개 서비스업"
030190,기타 정보 서비스업
002100,"비료, 농약 및 살균, 살충제 제조업"
214330,자동차 신품 부품 제조업
024110,은행 및 저축기관
005720,고무제품 제조업
353200,전자부품 제조업
003490,항공 여객 운송업
016090,봉제의복 제조업
145720,의료용 기기 제조업
001520,"시멘트, 석회, 플라스터 및 그 제품 제조업"
018500,자동차 신품 부품 제조업
000020,의약품 제조업
013570,기타산업군
020150,전자부품 제조업
286940,"컴퓨터 프로그래밍, 시스템 통합 및 관리업"
011170,기초 화학물질 제조업
009200,"펄프, 종이 및 판지 제조업"
085620,보험업
268280,기초 화학물질 제조업
107590,기타산업군
011390,"시멘트, 석회, 플라스터 및 그 제품 제조업"
090460,전자부품 제조업
009770,"펄프, 종이 및 판지 제조업"
007610,"전동기, 발전기 및 전기 변환 · 공급 · 제어 장치 제조업"
136490,동물용 사료 및 조제식품 제조업
021820,자동차 신품 부품 제조업
068270,기초 의약물질 제조업
005390,기타 전문 도매업
055550,증권
090430,기타 화학제품 제조업
003560,"영화, 비디오물, 방송프로그램 제작 및 배급업"
004250,플라스틱제품 제조업
010120,"전동기, 발전기 및 전기 변환 · 공급 · 제어 장치 제조업"
009970,비철금속
000670,1차 비철금속 제조업
105840,"측정, 시험, 항해, 제어 및 기타 정밀기기 제조업; 광학기기 제외"
005820,직물직조 및 직물제품 제조업
008250,나무제품 제조업
025820,1차 비철금속 제조업
007660,전자부품 제조업
023800,자동차 신품 부품 제조업
000230,의약품 제조업
003200,방적 및 가공사 제조업
008500,편조원단 제조업
063160,의약품 제조업
138490,합성고무 및 플라스틱 물질 제조업
003070,토목 건설업
264900,"떡, 빵 및 과자류 제조업"
020120,"자료처리, 호스팅, 포털 및 기타 인터넷 정보매개 서비스업"
039490,금융 지원 서비스업
084870,봉제의복 제조업
016800,가구 제조업
005810,지주회사
071050,기타산업군
004090,기타 비금속 광물제품 제조업
000970,1차 철강 제조업
007280,1차 철강 제조업
105630,봉제의복 제조업
003300,"시멘트, 석회, 플라스터 및 그 제품 제조업"
180640,기타산업군
005110,기계장비 및 관련 물품 도매업
064350,철도장비 제조업
004560,1차 철강 제조업
307950,소프트웨어 개발 및 공급업
001500,금융 지원 서비스업
093240,봉제의복 제조업
003010,기계장비 및 관련 물품 도매업
094280,기타 사업지원 서비스업
298000,기초 화학물질 제조업
051500,음·식료품 및 담배 도매업
241520,신탁업 및 집합투자업
130500,기타 섬유제품 제조업
900290,기타산업군
403870,특수 목적용 기계 제조업
950170,종합 소매업
021320,건물 건설업
024940,생활용품 도매업
218410,통신 및 방송 장비 제조업
091340,전자부품 제조업
057030,교육지원 서비스업
052220,영상·오디오물 제공 서비스업
078890,통신 및 방송 장비 제조업
011040,의약품 제조업
024910,자동차 신품 부품 제조업
036190,전기 및 통신 공사업
187790,기초 화학물질 제조업
285490,그외 기타 제품 제조업
142280,의료용품 및 기타 의약 관련제품 제조업
123840,특수 목적용 기계 제조업
317850,특수 목적용 기계 제조업
036480,의약품 제조업
005710,자동차 신품 부품 제조업
298540,의복 액세서리 제조업
263600,전자부품 제조업
006620,의약품 제조업
088910,"도축, 육류 가공 및 저장 처리업"
197140,소프트웨어 개발 및 공급업
232680,특수 목적용 기계 제조업
217500,특수 목적용 기계 제조업
090360,특수 목적용 기계 제조업
071280,특수 목적용 기계 제조업
059210,의료용품 및 기타 의약 관련제품 제조업
101330,통신 및 방송 장비 제조업
043150,의료용 기기 제조업
014470,부동산 임대 및 공급업
053700,자동차 신품 부품 제조업
017480,1차 철강 제조업
091580,일차전지 및 이차전지 제조업
038070,기타 전문 도매업
092190,반도체 제조업
036120,기타 정보 서비스업
189860,"전동기, 발전기 및 전기 변환 · 공급 · 제어 장치 제조업"
140070,기계장비 및 관련 물품 도매업
003100,기타 운송관련 서비스업
171090,특수 목적용 기계 제조업
340440,플라스틱제품 제조업
011560,건물설비 설치 공사업
290690,전구 및 조명장치 제조업
050960,소프트웨어 개발 및 공급업
192440,그외 기타 제품 제조업
330730,기타산업군
002800,의약품 제조업
243840,일차전지 및 이차전지 제조업
099320,"항공기,우주선 및 부품 제조업"
049960,기초 의약물질 제조업
260930,기타 화학제품 제조업
036010,전자부품 제조업
332370,컴퓨터 및 주변장치 제조업
238090,플라스틱제품 제조업
121890,전자부품 제조업
260970,기타 식품 제조업
109610,"구조용 금속제품, 탱크 및 증기발생기 제조업"
072990,기타 과학기술 서비스업
045660,컴퓨터 및 주변장치 제조업
262260,기타 전기장비 제조업
083500,특수 목적용 기계 제조업
290650,의약품 제조업
169330,시장조사 및 여론조사업
373170,소프트웨어 개발 및 공급업
033160,전자부품 제조업
045060,기타 화학제품 제조업
112290,기타 화학제품 제조업
065530,전기 통신업
067900,폐기물 처리업
273060,광고업
082850,기타 식품 제조업
457550,"그외 기타 전문, 과학 및 기술 서비스업"
240810,특수 목적용 기계 제조업
012620,1차 철강 제조업
382840,특수 목적용 기계 제조업
069330,전자부품 제조업
049520,전자부품 제조업
296640,소프트웨어 개발 및 공급업
054210,전자부품 제조업
131400,전자부품 제조업
092130,기타 정보 서비스업
017250,영상 및 음향기기 제조업
208140,"도축, 육류 가공 및 저장 처리업"
040420,일반 교습 학원
079370,특수 목적용 기계 제조업
199820,"전동기, 발전기 및 전기 변환 · 공급 · 제어 장치 제조업"
337930,기타 정보 서비스업
067000,소프트웨어 개발 및 공급업
036930,특수 목적용 기계 제조업
000440,기타 전문 도매업
144510,"그외 기타 전문, 과학 및 기술 서비스업"
053050,연료용 가스 제조 및 배관공급업
007370,의약품 제조업
004650,알코올음료 제조업
452300,기타산업군
039420,전기 통신업
064820,선박 및 보트 건조업
024880,기타 금속 가공제품 제조업
027050,기타 화학제품 제조업
183300,특수 목적용 기계 제조업
052330,영상 및 음향기기 제조업
900250,기타산업군
065130,특수 목적용 기계 제조업
134580,"자료처리, 호스팅, 포털 및 기타 인터넷 정보매개 서비스업"
191420,기초 의약물질 제조업
051360,영상 및 음향기기 제조업
079970,소프트웨어 개발 및 공급업
241790,특수 목적용 기계 제조업
177830,전자부품 제조업
047310,"전동기, 발전기 및 전기 변환 · 공급 · 제어 장치 제조업"
065690,고무제품 제조업
064800,"섬유, 의복, 신발 및 가죽제품 소매업"
290720,무점포 소매업
321260,반도체 제조업
460940,의료용 기기 제조업
031980,특수 목적용 기계 제조업
043370,자동차 신품 부품 제조업
450330,의료용품 및 기타 의약 관련제품 제조업
052600,전기 통신업
070590,"컴퓨터 프로그래밍, 시스템 통합 및 관리업"
127980,전자부품 제조업
205470,의료용품 및 기타 의약 관련제품 제조업
243070,의약품 제조업
138930,기타산업군
097950,기타 식품 제조업
004840,고무제품 제조업
089470,기타 화학제품 제조업
267250,기타산업군
267270,일반 목적용 기계 제조업
042670,특수 목적용 기계 제조업
108320,반도체 제조업
456040,기초 화학물질 제조업
001340,기초 화학물질 제조업
003570,자동차 신품 부품 제조업
100840,일반 목적용 기계 제조업
002820,나무제품 제조업
012320,지주회사
000050,종합 소매업
214390,기초 의약물질 제조업
002240,1차 철강 제조업
030610,금융 지원 서비스업
014280,1차 철강 제조업
002990,건물 건설업
008350,1차 비철금속 제조업
090350,기타 화학제품 제조업
000320,기타산업군
058730,"구조용 금속제품, 탱크 및 증기발생기 제조업"
030210,금융 지원 서비스업
023590,"자료처리, 호스팅, 포털 및 기타 인터넷 정보매개 서비스업"
001680,기타 식품 제조업
003090,의약품 제조업
069620,의약품 제조업
000430,자동차 신품 부품 제조업
015230,자동차 신품 부품 제조업
460850,1차 철강 제조업
001230,철강
005960,토목 건설업
000640,기타산업군
082640,보험업
006040,식품/해양가공
014820,플라스틱제품 제조업
163560,고무제품 제조업
001530,상품 중개업
210540,특수 목적용 기계 제조업
089860,운송장비 임대업
023530,종합 소매업
004990,지주회사
001080,1차 철강 제조업
006800,금융 지원 서비스업
026940,1차 철강 제조업
008040,"곡물가공품, 전분 및 전분제품 제조업"
062040,"전동기, 발전기 및 전기 변환 · 공급 · 제어 장치 제조업"
006660,자동차 신품 부품 제조업
010140,선박 및 보트 건조업
006110,1차 비철금속 제조업
000070,기타산업군
010960,기반조성 및 시설물 축조관련 전문공사업
004450,기타 금속 가공제품 제조업
004490,일차전지 및 이차전지 제조업
001430,1차 철강 제조업
306200,1차 철강 제조업
019440,1차 철강 제조업
004970,어로 어업
035510,"컴퓨터 프로그래밍, 시스템 통합 및 관리업"
001780,1차 비철금속 제조업
036570,소프트웨어 개발 및 공급업
900140,자동차 판매업
111770,상품 종합 도매업
012280,자동차 신품 부품 제조업
007310,기타 식품 제조업
072130,"자료처리, 호스팅, 포털 및 기타 인터넷 정보매개 서비스업"
023810,자동차 신품 부품 제조업
015860,기타산업군
317400,부동산 임대 및 공급업
079900,특수 목적용 기계 제조업
002620,회사 본부 및 경영 컨설팅 서비스업
013890,가구 제조업
013870,자동차 신품 부품 제조업
007810,전자부품 제조업
002020,지주회사
284740,개인 및 가정용품 임대업
015890,기초 화학물질 제조업
003240,화학섬유 제조업
005690,기초 의약물질 제조업
058430,1차 철강 제조업
039130,여행사 및 기타 여행보조 서비스업
010040,"내화, 비내화 요업제품 제조업"
025540,"전동기, 발전기 및 전기 변환 · 공급 · 제어 장치 제조업"
023350,"건축기술, 엔지니어링 및 관련 기술 서비스업"
016450,봉제의복 제조업
001750,금융 지원 서비스업
006390,"시멘트, 석회, 플라스터 및 그 제품 제조업"
003480,연료용 가스 제조 및 배관공급업
101530,기타 식품 제조업
004310,의약품 제조업
011760,상품 종합 도매업
111110,봉제의복 제조업
008770,기타 상품 전문 소매업
298020,화학섬유 제조업
083450,특수 목적용 기계 제조업
440290,기타산업군
278650,자연과학 및 공학 연구개발업
327260,전자부품 제조업
040300,"영화, 비디오물, 방송프로그램 제작 및 배급업"
051390,상품 종합 도매업
198440,"시멘트, 석회, 플라스터 및 그 제품 제조업"
049720,기타 사업지원 서비스업
098460,특수 목적용 기계 제조업
137940,"측정, 시험, 항해, 제어 및 기타 정밀기기 제조업; 광학기기 제외"
048470,기타 전문 도매업
020180,"컴퓨터 프로그래밍, 시스템 통합 및 관리업"
048910,기타 전문 도매업
003310,동물용 사료 및 조제식품 제조업
067080,의약품 제조업
090410,"구조용 금속제품, 탱크 및 증기발생기 제조업"
131970,"그외 기타 전문, 과학 및 기술 서비스업"
030350,소프트웨어 개발 및 공급업
196490,특수 목적용 기계 제조업
033130,"자료처리, 호스팅, 포털 및 기타 인터넷 정보매개 서비스업"
131180,컴퓨터 및 주변장치 제조업
223310,상품 종합 도매업
171120,기타 화학제품 제조업
042500,"컴퓨터 프로그래밍, 시스템 통합 및 관리업"
059090,반도체 제조업
064480,소프트웨어 개발 및 공급업
335890,의료용 기기 제조업
065450,"측정, 시험, 항해, 제어 및 기타 정밀기기 제조업; 광학기기 제외"
014970,"골판지, 종이 상자 및 종이용기 제조업"
437730,자동차 신품 부품 제조업
089980,플라스틱제품 제조업
019770,특수 목적용 기계 제조업
458650,일차전지 및 이차전지 제조업
100700,의료용품 및 기타 의약 관련제품 제조업
024830,자동차 신품 부품 제조업
039310,소프트웨어 개발 및 공급업
252500,기타 화학제품 제조업
471820,기타 식품 제조업
084180,일반 목적용 기계 제조업
253840,의료용품 및 기타 의약 관련제품 제조업
131090,소프트웨어 개발 및 공급업
352700,화학섬유 제조업
359090,"그외 기타 전문, 과학 및 기술 서비스업"
096530,의료용품 및 기타 의약 관련제품 제조업
013990,생활용품 도매업
450950,의료용 기기 제조업
461300,소프트웨어 개발 및 공급업
052860,반도체 제조업
090150,자동차 신품 부품 제조업
131370,소프트웨어 개발 및 공급업
096610,반도체 제조업
148250,전자부품 제조업
092600,반도체 제조업
030960,인쇄 및 인쇄관련 산업
038680,"컴퓨터 프로그래밍, 시스템 통합 및 관리업"
288620,"전동기, 발전기 및 전기 변환 · 공급 · 제어 장치 제조업"
317830,특수 목적용 기계 제조업
086520,기타산업군
064850,기타 정보 서비스업
173940,창작 및 예술관련 서비스업
083310,특수 목적용 기계 제조업
033310,전자부품 제조업
131030,의약품 제조업
082210,사진장비 및 광학기기 제조업
046940,기반조성 및 시설물 축조관련 전문공사업
053580,소프트웨어 개발 및 공급업
038620,연료 소매업
459100,전자부품 제조업
221800,기타 과학기술 서비스업
179900,전자부품 제조업
123570,광고업
095190,기타 금속 가공제품 제조업
134060,"서적, 잡지 및 기타 인쇄물 출판업"
049070,통신 및 방송 장비 제조업
115310,전기 통신업
126880,일반 목적용 기계 제조업
033340,봉제의복 제조업
208350,소프트웨어 개발 및 공급업
066360,"도축, 육류 가공 및 저장 처리업"
053080,일반 목적용 기계 제조업
046070,자동차 신품 부품 제조업
200130,기초 의약물질 제조업
016600,여신금융
256940,특수 목적용 기계 제조업
053620,기타 금속 가공제품 제조업
054450,반도체 제조업
417790,영상 및 음향기기 제조업
425040,기초 화학물질 제조업
150900,소프트웨어 개발 및 공급업
106240,전구 및 조명장치 제조업
091700,전자부품 제조업
189690,소프트웨어 개발 및 공급업
023900,알코올음료 제조업
053160,"전동기, 발전기 및 전기 변환 · 공급 · 제어 장치 제조업"
149980,의료용 기기 제조업
221840,"항공기,우주선 및 부품 제조업"
025550,1차 철강 제조업
037230,"골판지, 종이 상자 및 종이용기 제조업"
079170,1차 비철금속 제조업
076610,사진장비 및 광학기기 제조업
900270,기타산업군
016790,동물용 사료 및 조제식품 제조업
090850,소프트웨어 개발 및 공급업
092300,전자부품 제조업
115160,영상 및 음향기기 제조업
092590,반도체 제조업
001460,봉제의복 제조업
079160,"영화, 비디오물, 방송프로그램 제작 및 배급업"
092780,자동차용 엔진 및 자동차 제조업
114090,유원지 및 기타 오락관련 서비스업
002460,건물 건설업
175330,기타산업군
009440,환경/지주
119650,일반 목적용 기계 제조업
044450,해상 운송업
058860,기타 정보 서비스업
093050,봉제의복 제조업
064400,"컴퓨터 프로그래밍, 시스템 통합 및 관리업"
032640,전기 통신업
079550,무기 및 총포탄 제조업
006260,지주회사
229640,기타산업군
108670,플라스틱제품 제조업
023150,알코올음료 제조업
008260,1차 철강 제조업
178920,플라스틱제품 제조업
009160,1차 철강 제조업
001740,기타 전문 도매업
006120,지주회사
009450,가정용 기기 제조업
012610,기초 화학물질 제조업
017040,"전동기, 발전기 및 전기 변환 · 공급 · 제어 장치 제조업"
004270,기타 전문 도매업
003920,동·식물성 유지 및 낙농제품 제조업
251270,소프트웨어 개발 및 공급업
005250,회사 본부 및 경영 컨설팅 서비스업
019680,초등 교육기관
003220,의약품 제조업
475560,상품 종합 도매업
002210,의약품 제조업
102260,합성고무 및 플라스틱 물질 제조업
170900,의약품 제조업
024900,자동차 신품 부품 제조업
000400,보험업
009580,"펄프, 종이 및 판지 제조업"
033920,알코올음료 제조업
081660,생활용품 도매업
003650,석유 정제품 제조업
100220,"서적, 잡지 및 기타 인쇄물 출판업"
018260,"컴퓨터 프로그래밍, 시스템 통합 및 관리업"
068290,"서적, 잡지 및 기타 인쇄물 출판업"
000810,보험업
002170,"가죽, 가방 및 유사제품 제조업"
272550,플라스틱제품 제조업
003720,플라스틱제품 제조업
002450,악기 제조업
005500,의약품 제조업
021050,금속 주조업
014910,전자부품 제조업
336370,전자부품 제조업
026890,신탁업 및 집합투자업
029530,컴퓨터 및 주변장치 제조업
001720,금융 지원 서비스업
267850,"컴퓨터 프로그래밍, 시스템 통합 및 관리업"
031820,"컴퓨터 프로그래밍, 시스템 통합 및 관리업"
161000,기초 화학물질 제조업
025530,자동차 부품 및 내장품 판매업
001800,지주회사
001200,금융 지원 서비스업
003460,금융 지원 서비스업
034590,연료용 가스 제조 및 배관공급업
129260,도로 화물 운송업
013360,토목 건설업
226320,기타 화학제품 제조업
033240,전자부품 제조업
000950,방적 및 가공사 제조업
001630,의약품 제조업
450140,자동차 판매업
011280,"골판지, 종이 상자 및 종이용기 제조업"
214420,기타 화학제품 제조업
036580,"곡물가공품, 전분 및 전분제품 제조업"
086790,기타산업군
000140,기타산업군
005430,기타 운송관련 서비스업
015760,전기업
004960,건물 건설업
051600,전기 및 통신 공사업
009460,"펄프, 종이 및 판지 제조업"
000370,보험업
009830,기초 화학물질 제조업
003530,금융 지원 서비스업
195870,전자부품 제조업
069960,종합 소매업
005380,자동차용 엔진 및 자동차 제조업
010690,자동차 신품 부품 제조업
010660,특수 목적용 기계 제조업
016580,의약품 제조업
298040,"전동기, 발전기 및 전기 변환 · 공급 · 제어 장치 제조업"
035760,텔레비전 방송업
068790,특수 목적용 기계 제조업
037370,기초 화학물질 제조업
111870,영상 및 음향기기 제조업
058400,텔레비전 방송업
101000,특수 목적용 기계 제조업
086960,소프트웨어 개발 및 공급업
053290,"서적, 잡지 및 기타 인쇄물 출판업"
079940,소프트웨어 개발 및 공급업
039240,1차 철강 제조업
053270,자동차 신품 부품 제조업
060480,1차 비철금속 제조업
035080,무점포 소매업
282720,전기 및 통신 공사업
420770,특수 목적용 기계 제조업
091970,플라스틱제품 제조업
293580,기타산업군
036800,전기 통신업
085670,전자부품 제조업
020400,금속 주조업
054670,의약품 제조업
023910,의약품 제조업
033500,기초 화학물질 제조업
088130,특수 목적용 기계 제조업
060380,1차 철강 제조업
109860,금속 주조업
005290,기초 화학물질 제조업
113810,자동차 신품 부품 제조업
300120,소프트웨어 개발 및 공급업
041920,의료용 기기 제조업
241770,반도체 제조업
080420,"섬유, 의복, 신발 및 가죽제품 소매업"
080160,여행사 및 기타 여행보조 서비스업
012860,자동차 신품 부품 제조업
199730,자연과학 및 공학 연구개발업
046310,통신 및 방송 장비 제조업
141000,특수 목적용 기계 제조업
122350,자동차 신품 부품 제조업
065570,통신 및 방송 장비 제조업
032280,도로 화물 운송업
000250,의약품 제조업
038500,기타 비금속 광물제품 제조업
038540,"컴퓨터 프로그래밍, 시스템 통합 및 관리업"
006730,일반 및 생활 숙박시설 운영업
148150,전자부품 제조업
258830,의료용 기기 제조업
352090,플라스틱제품 제조업
012790,의약품 제조업
037760,1차 철강 제조업
050890,통신 및 방송 장비 제조업
101240,기초 화학물질 제조업
149950,전자부품 제조업
050860,특수 목적용 기계 제조업
143160,통신 및 방송 장비 제조업
289010,"서적, 잡지 및 기타 인쇄물 출판업"
114840,기타 화학제품 제조업
013310,자동차 신품 부품 제조업
260660,의료용품 및 기타 의약 관련제품 제조업
140670,전자부품 제조업
123750,그외 기타 운송장비 제조업
129890,컴퓨터 및 주변장치 제조업
102120,반도체 제조업
019990,일반 목적용 기계 제조업
095910,"전동기, 발전기 및 전기 변환 · 공급 · 제어 장치 제조업"
060540,"측정, 시험, 항해, 제어 및 기타 정밀기기 제조업; 광학기기 제외"
056190,특수 목적용 기계 제조업
098660,봉제의복 제조업
050760,플라스틱제품 제조업
058610,"전동기, 발전기 및 전기 변환 · 공급 · 제어 장치 제조업"
195990,특수 목적용 기계 제조업
003800,가구 제조업
088800,통신 및 방송 장비 제조업
312610,일차전지 및 이차전지 제조업
172670,반도체 제조업
044990,전자부품 제조업
383310,기타 화학제품 제조업
179290,의료용 기기 제조업
265560,자동차 신품 부품 제조업
014940,일반 목적용 기계 제조업
122990,전자부품 제조업
079000,플라스틱제품 제조업
073560,"도축, 육류 가공 및 저장 처리업"
074600,유리 및 유리제품 제조업
101160,전자부품 제조업
203450,통신 및 방송 장비 제조업
086390,특수 목적용 기계 제조업
024800,육상 여객 운송업
044960,기타 전문 도매업
053350,소프트웨어 개발 및 공급업
452400,자동차 신품 부품 제조업
063760,"측정, 시험, 항해, 제어 및 기타 정밀기기 제조업; 광학기기 제외"
091120,전자부품 제조업
277410,기타 식품 제조업
361390,통신 및 방송 장비 제조업
159580,생활용품 도매업
033320,기계장비 및 관련 물품 도매업
026040,귀금속 및 장신용품 제조업
382480,특수 목적용 기계 제조업
311320,전자부품 제조업
018120,알코올음료 제조업
086060,산업용 농·축산물 및 동·식물 도매업
036890,특수 목적용 기계 제조업
192250,소프트웨어 개발 및 공급업
102370,상품 중개업
089010,기타 화학제품 제조업
123410,자동차 신품 부품 제조업
222040,기타 식품 제조업
241710,기타 화학제품 제조업
033290,"섬유, 의복, 신발 및 가죽제품 소매업"
282880,특수 목적용 기계 제조업
121850,플라스틱제품 제조업
108230,특수 목적용 기계 제조업
131290,"측정, 시험, 항해, 제어 및 기타 정밀기기 제조업; 광학기기 제외"
081150,1차 비철금속 제조업
214450,의료용품 및 기타 의약 관련제품 제조업
037070,가정용 기기 제조업
038950,통신 및 방송 장비 제조업
051380,기계장비 및 관련 물품 도매업
237750,"전동기, 발전기 및 전기 변환 · 공급 · 제어 장치 제조업"
067310,반도체 제조업
039340,텔레비전 방송업
017890,기타 화학제품 제조업
256150,일반 목적용 기계 제조업
045100,"건축기술, 엔지니어링 및 관련 기술 서비스업"
058450,"영화, 비디오물, 방송프로그램 제작 및 배급업"
041440,특수 목적용 기계 제조업
138360,특수 목적용 기계 제조업
011080,봉제의복 제조업
064240,기타 전문 도매업
061250,의약품 제조업
084110,의약품 제조업
121060,"컴퓨터 프로그래밍, 시스템 통합 및 관리업"
208850,기타 전기장비 제조업
282330,종합 소매업
012030,"컴퓨터 프로그래밍, 시스템 통합 및 관리업"
071970,일반 목적용 기계 제조업
060980,기타산업군
011200,해상 운송업
035000,광고업
001940,1차 철강 제조업
066570,통신 및 방송 장비 제조업
051910,기초 화학물질 제조업
010060,지주회사
034730,기타산업군
011790,기타 화학제품 제조업
001510,금융 지원 서비스업
007980,봉제의복 제조업
024070,플라스틱제품 제조업
035250,유원지 및 기타 오락관련 서비스업
012200,일반 목적용 기계 제조업
001140,도로 화물 운송업
011780,기초 화학물질 제조업
092440,특수 목적용 기계 제조업
000270,자동차용 엔진 및 자동차 제조업
002350,고무제품 제조업
006650,기초 화학물질 제조업
004890,1차 철강 제조업
192650,전자부품 제조업
003160,"측정, 시험, 항해, 제어 및 기타 정밀기기 제조업; 광학기기 제외"
071840,가전제품 및 정보통신장비 소매업
090370,봉제의복 제조업
003000,의약품 제조업
001270,금융 지원 서비스업
014710,수산물 가공 및 저장 처리업
016360,금융 지원 서비스업
004380,일반 목적용 기계 제조업
001820,전자부품 제조업
007860,지주회사
017550,특수 목적용 기계 제조업
126720,건물설비 설치 공사업
009270,봉제의복 제조업
002700,기계장비 및 관련 물품 도매업
122900,상품 종합 도매업
010780,"시멘트, 석회, 플라스터 및 그 제품 제조업"
012750,"경비, 경호 및 탐정업"
123700,자동차 신품 부품 제조업
078520,기타 화학제품 제조업
484870,특수 목적용 기계 제조업
006740,"골판지, 종이 상자 및 종이용기 제조업"
271560,기타 식품 제조업
095720,초등 교육기관
000910,"시멘트, 석회, 플라스터 및 그 제품 제조업"
214320,광고업
005950,기초 화학물질 제조업
194370,"가죽, 가방 및 유사제품 제조업"
089590,항공 여객 운송업
088790,기타 전문 도매업
100250,플라스틱제품 제조업
051630,플라스틱제품 제조업
281820,"측정, 시험, 항해, 제어 및 기타 정밀기기 제조업; 광학기기 제외"
009070,도로 화물 운송업
033780,담배 제조업
024720,기타산업군
001420,자동차 신품 부품 제조업
055490,플라스틱제품 제조업
078000,"자료처리, 호스팅, 포털 및 기타 인터넷 정보매개 서비스업"
069260,기타 화학제품 제조업
022100,"건축기술, 엔지니어링 및 관련 기술 서비스업"
047050,상품 중개업
036460,연료용 가스 제조 및 배관공급업
002200,"골판지, 종이 상자 및 종이용기 제조업"
034830,신탁업 및 집합투자업
047810,"항공기,우주선 및 부품 제조업"
128940,의약품 제조업
009180,기타 운송관련 서비스업
300720,"시멘트, 석회, 플라스터 및 그 제품 제조업"
130660,"건축기술, 엔지니어링 및 관련 기술 서비스업"
272210,전자부품 제조업
012450,"항공기,우주선 및 부품 제조업"
079430,가구 제조업
012330,자동차 신품 부품 제조업
005440,외식/유통
057050,무점포 소매업
006060,상품 종합 도매업
000850,특수 목적용 기계 제조업
004800,화학/지주
005010,1차 철강 제조업
054620,기타산업군
023460,기타산업군
290120,자동차 신품 부품 제조업
078150,특수 목적용 기계 제조업
046440,소프트웨어 개발 및 공급업
151860,자동차 차체나 트레일러 제조업
060720,전자부품 제조업
036560,일반 목적용 기계 제조업
225190,사진장비 및 광학기기 제조업
332570,전자부품 제조업
950110,소프트웨어 개발 및 공급업
317240,기타 화학제품 제조업
215000,소프트웨어 개발 및 공급업
121600,기타 화학제품 제조업
405920,음·식료품 및 담배 도매업
137080,특수 목적용 기계 제조업
091590,건물 건설업
253590,특수 목적용 기계 제조업
212560,자동차 신품 부품 제조업
351320,특수 목적용 기계 제조업
106520,사진장비 및 광학기기 제조업
234690,의약품 제조업
040160,소프트웨어 개발 및 공급업
068240,"전동기, 발전기 및 전기 변환 · 공급 · 제어 장치 제조업"
008830,특수 목적용 기계 제조업
108380,선박 및 보트 건조업
096350,"구조용 금속제품, 탱크 및 증기발생기 제조업"
131220,기계장비 및 관련 물품 도매업
025950,토목 건설업
079960,"전동기, 발전기 및 전기 변환 · 공급 · 제어 장치 제조업"
219550,생활용품 도매업
105740,일반 목적용 기계 제조업
066670,전자부품 제조업
193250,전자부품 제조업
093520,기계장비 및 관련 물품 도매업
118990,자동차 신품 부품 제조업
095500,플라스틱제품 제조업
206640,의료용품 및 기타 의약 관련제품 제조업
099430,기초 의약물질 제조업
019010,종합 소매업
099390,소프트웨어 개발 및 공급업
121800,통신 및 방송 장비 제조업
086670,일반 목적용 기계 제조업
093190,컴퓨터 및 주변장치 제조업
072950,전자부품 제조업
009300,의약품 제조업
024950,생활용품 도매업
042600,전자부품 제조업
046890,반도체 제조업
086710,기타 화학제품 제조업
015750,자동차 신품 부품 제조업
017510,기타 금속 가공제품 제조업
115570,플라스틱제품 제조업
065350,가정용 기기 제조업
416180,자동차 신품 부품 제조업
187270,"전동기, 발전기 및 전기 변환 · 공급 · 제어 장치 제조업"
222800,전자부품 제조업
356890,소프트웨어 개발 및 공급업
352480,기타 화학제품 제조업
115530,전자부품 제조업
054800,기타 전문 서비스업
101390,전자부품 제조업
001540,의약품 제조업
053800,소프트웨어 개발 및 공급업
085810,소프트웨어 개발 및 공급업
069510,영상 및 음향기기 제조업
044780,특수 목적용 기계 제조업
357230,기타 식품 제조업
021080,신탁업 및 집합투자업
230240,통신 및 방송 장비 제조업
950130,의료용품 및 기타 의약 관련제품 제조업
205100,소프트웨어 개발 및 공급업
333620,기타 전기장비 제조업
058630,소프트웨어 개발 및 공급업
123040,자동차 신품 부품 제조업
036000,"서적, 잡지 및 기타 인쇄물 출판업"
053280,무점포 소매업
900300,기타산업군
192410,통신 및 방송 장비 제조업
039830,전문디자인업
036220,의료용 기기 제조업
273640,"전동기, 발전기 및 전기 변환 · 공급 · 제어 장치 제조업"
066590,자동차 신품 부품 제조업
018620,의약품 제조업
396470,특수 목적용 기계 제조업
104830,기초 화학물질 제조업
348350,"측정, 시험, 항해, 제어 및 기타 정밀기기 제조업; 광학기기 제외"
112040,소프트웨어 개발 및 공급업
136540,"컴퓨터 프로그래밍, 시스템 통합 및 관리업"
036200,특수 목적용 기계 제조업
011320,자동차 신품 부품 제조업
088340,소프트웨어 개발 및 공급업
048430,"전동기, 발전기 및 전기 변환 · 공급 · 제어 장치 제조업"
089850,소프트웨어 개발 및 공급업
023410,"시멘트, 석회, 플라스터 및 그 제품 제조업"
084370,특수 목적용 기계 제조업
067920,기타 정보 서비스업
073490,통신 및 방송 장비 제조업
272290,전자부품 제조업
067010,"컴퓨터 프로그래밍, 시스템 통합 및 관리업"
001840,건물 건설업
064290,특수 목적용 기계 제조업
101930,선박 및 보트 건조업
174880,통신 및 방송 장비 제조업
147830,"구조용 금속제품, 탱크 및 증기발생기 제조업"
044060,일반 목적용 기계 제조업
016920,기계장비 및 관련 물품 도매업
214370,기초 의약물질 제조업
105330,자동차 신품 부품 제조업
052400,소프트웨어 개발 및 공급업
190650,금융 지원 서비스업
049430,"측정, 시험, 항해, 제어 및 기타 정밀기기 제조업; 광학기기 제외"
045970,반도체 제조업
448710,컴퓨터 및 주변장치 제조업
124560,기타 운송관련 서비스업
089030,특수 목적용 기계 제조업
033830,텔레비전 방송업
064760,기타 비금속 광물제품 제조업
009520,1차 철강 제조업
256630,기타 금속 가공제품 제조업
039980,"컴퓨터 프로그래밍, 시스템 통합 및 관리업"
007330,은행 및 저축기관
376180,그외 기타 제품 제조업
087600,전자부품 제조업
378340,특수 목적용 기계 제조업
066130,가정용 기기 제조업
004590,기타 상품 전문 소매업
222980,기타 식품 제조업
032300,의약품 제조업
005860,동물용 사료 및 조제식품 제조업
039610,일반 목적용 기계 제조업
290270,소프트웨어 개발 및 공급업
200670,의약품 제조업
224760,토목 건설업
254160,제재 및 목재 가공업
180060,기타 전기장비 제조업
052960,자동차 부품 및 내장품 판매업
005830,보험업
375500,토목 건설업
007700,지주회사
322000,반도체 제조업
058850,기타 정보 서비스업
051900,기타 화학제품 제조업
005490,1차 철강 제조업
010950,석유 정제품 제조업
005090,전기업
033530,자동차 신품 부품 제조업
096770,석유 정제품 제조업
064960,자동차 신품 부품 제조업
002900,특수 목적용 기계 제조업
009140,전자부품 제조업
013580,토목 건설업
009290,의약품 제조업
339770,음·식료품 및 담배 도매업
007690,기초 화학물질 제조업
014530,석유 정제품 제조업
004540,"펄프, 종이 및 판지 제조업"
092790,1차 철강 제조업
072710,기타산업군
006370,종합 소매업
006570,기타 금속 가공제품 제조업
084690,기타산업군
012800,1차 비철금속 제조업
084010,1차 철강 제조업
460860,1차 철강 제조업
030720,어로 어업
004000,기초 화학물질 제조업
017180,의약품 제조업
009680,자동차 신품 부품 제조업
008420,1차 철강 제조업
003610,직물직조 및 직물제품 제조업
005030,자동차 신품 부품 제조업
009470,전자부품 제조업
075180,자동차 신품 부품 제조업
003030,기타산업군
004430,기타 화학제품 제조업
016590,"골판지, 종이 상자 및 종이용기 제조업"
006880,산업용 농·축산물 및 동·식물 도매업
005800,봉제의복 제조업
004080,기계장비 및 관련 물품 도매업
183190,"시멘트, 석회, 플라스터 및 그 제품 제조업"
011090,가구 제조업
005850,자동차 신품 부품 제조업
181710,소프트웨어 개발 및 공급업
066970,일차전지 및 이차전지 제조업
006980,"곡물가공품, 전분 및 전분제품 제조업"
010400,건물설비 설치 공사업
049800,특수 목적용 기계 제조업
033270,의약품 제조업
014830,기초 화학물질 제조업
047400,"내화, 비내화 요업제품 제조업"
000220,의약품 제조업
000100,의약품 제조업
102460,의약품 제조업
007570,의약품 제조업
271980,의약품 제조업
004910,기타 화학제품 제조업
462520,"내화, 비내화 요업제품 제조업"
003780,플라스틱제품 제조업
029460,"측정, 시험, 항해, 제어 및 기타 정밀기기 제조업; 광학기기 제외"
344820,유리 및 유리제품 제조업
192820,기타 화학제품 제조업
021240,그외 기타 개인 서비스업
034230,유원지 및 기타 오락관련 서비스업
010820,무기 및 총포탄 제조업
103140,1차 비철금속 제조업
071090,1차 철강 제조업
000240,기타산업군
042700,특수 목적용 기계 제조업
009240,생활용품 도매업
020000,봉제의복 제조업
069640,"섬유, 의복, 신발 및 가죽제품 소매업"
004710,전자부품 제조업
025750,제재 및 목재 가공업
014130,도로 화물 운송업
002320,도로 화물 운송업
088350,보험업
011210,자동차 신품 부품 제조업
004020,1차 철강 제조업
227840,음·식료품 및 담배 도매업
013520,자동차 신품 부품 제조업
079980,화학섬유 제조업
211270,통신 및 방송 장비 제조업
195940,의약품 제조업
036640,합성고무 및 플라스틱 물질 제조업
035900,오디오물 출판 및 원판 녹음업
318000,합성고무 및 플라스틱 물질 제조업
060370,전기 및 통신 공사업
255220,기타 비금속 광물제품 제조업
067160,소프트웨어 개발 및 공급업
289080,기타산업군
006050,유리 및 유리제품 제조업
049080,전자부품 제조업
092730,기타 화학제품 제조업
054050,작물 재배업
270870,기타 식품 제조업
078140,의약품 제조업
104040,자동차 신품 부품 제조업
100130,"구조용 금속제품, 탱크 및 증기발생기 제조업"
086450,의약품 제조업
187870,특수 목적용 기계 제조업
263690,의료용 기기 제조업
104460,일반 목적용 기계 제조업
043360,컴퓨터 및 주변장치 제조업
005990,동·식물성 유지 및 낙농제품 제조업
058110,의료용 기기 제조업
207760,기타 정보 서비스업
267790,봉제의복 제조업
177350,특수 목적용 기계 제조업
008470,"구조용 금속제품, 탱크 및 증기발생기 제조업"
478560,신발 및 신발 부분품 제조업
083650,일반 목적용 기계 제조업
143240,"자료처리, 호스팅, 포털 및 기타 인터넷 정보매개 서비스업"
079650,"시멘트, 석회, 플라스터 및 그 제품 제조업"
035890,건물 건설업
067370,의약품 제조업
037350,"건축기술, 엔지니어링 및 관련 기술 서비스업"
081580,통신 및 방송 장비 제조업
099440,특수 목적용 기계 제조업
415380,기타 생활용품 소매업
162300,1차 철강 제조업
138070,기타 금속 가공제품 제조업
056700,플라스틱제품 제조업
264660,특수 목적용 기계 제조업
123860,반도체 제조업
099190,의료용 기기 제조업
040910,특수 목적용 기계 제조업
262840,소프트웨어 개발 및 공급업
158430,소프트웨어 개발 및 공급업
314140,의약품 제조업
290740,전자부품 제조업
255440,특수 목적용 기계 제조업
007820,일반 목적용 기계 제조업
200710,반도체 제조업
239610,기타 식품 제조업
230360,광고업
036810,전자부품 제조업
092870,특수 목적용 기계 제조업
069410,소프트웨어 개발 및 공급업
037950,전자부품 제조업
170920,기초 화학물질 제조업
010470,광고업
067170,자동차 재제조 부품 제조업
173130,"컴퓨터 프로그래밍, 시스템 통합 및 관리업"
155650,전자부품 제조업
046970,기타 전문 도매업
072470,자동차 신품 부품 제조업
101170,일반 목적용 기계 제조업
336570,의료용 기기 제조업
069080,소프트웨어 개발 및 공급업
479960,기타 전기장비 제조업
330350,의약품 제조업
192390,"구조용 금속제품, 탱크 및 증기발생기 제조업"
032620,소프트웨어 개발 및 공급업
263770,1차 철강 제조업
039020,제재 및 목재 가공업
302430,특수 목적용 기계 제조업
264850,전자부품 제조업
102710,기타 화학제품 제조업
041520,"측정, 시험, 항해, 제어 및 기타 정밀기기 제조업; 광학기기 제외"
039030,특수 목적용 기계 제조업
353810,동물용 사료 및 조제식품 제조업
035810,동물용 사료 및 조제식품 제조업
100030,소프트웨어 개발 및 공급업
216050,광고업
225220,기초 의약물질 제조업
033100,"전동기, 발전기 및 전기 변환 · 공급 · 제어 장치 제조업"
090470,특수 목적용 기계 제조업
052670,의약품 제조업
307930,기타산업군
115500,"컴퓨터 프로그래밍, 시스템 통합 및 관리업"
054410,기타 금속 가공제품 제조업
036690,통신 및 방송 장비 제조업
045520,일반 목적용 기계 제조업
214150,의료용 기기 제조업
237880,기타 화학제품 제조업
023160,1차 철강 제조업
368770,"측정, 시험, 항해, 제어 및 기타 정밀기기 제조업; 광학기기 제외"
170790,통신 및 방송 장비 제조업
049120,전자부품 제조업
318010,기타 식품 제조업
027710,동물용 사료 및 조제식품 제조업
318020,컴퓨터 및 주변장치 제조업
093380,기타 금속 가공제품 제조업
035200,플라스틱제품 제조업
075130,"컴퓨터 프로그래밍, 시스템 통합 및 관리업"
002230,"측정, 시험, 항해, 제어 및 기타 정밀기기 제조업; 광학기기 제외"
101670,"구조용 금속제품, 탱크 및 증기발생기 제조업"
034950,기타 사업지원 서비스업
041460,소프트웨어 개발 및 공급업
460930,선박 및 보트 건조업
060560,기타 전문 도매업
126640,자동차 신품 부품 제조업
097870,"비료, 농약 및 살균, 살충제 제조업"
024060,기타 전문 도매업
010240,특수 목적용 기계 제조업
244880,의료용 기기 제조업
076340,기반조성 및 시설물 축조관련 전문공사업
176590,기타 금속 가공제품 제조업
095570,산업용 기계 및 장비 임대업
027410,기타산업군
007340,일차전지 및 이차전지 제조업
155660,1차 비철금속 제조업
014790,토목 건설업
015360,회사 본부 및 경영 컨설팅 서비스업
234080,의약품 제조업
016380,1차 철강 제조업
025000,기초 화학물질 제조업
092230,기초 화학물질 제조업
037560,텔레비전 방송업
034120,텔레비전 방송업
002360,기초 화학물질 제조업
000660,반도체 제조업
036530,기타산업군
005610,기타 식품 제조업
002710,1차 철강 제조업
002720,의약품 제조업
008870,유리 및 유리제품 제조업
001210,전구 및 조명장치 제조업
025860,"비료, 농약 및 살균, 살충제 제조업"
006280,의약품 제조업
000490,특수 목적용 기계 제조업
117580,연료용 가스 제조 및 배관공급업
003540,금융 지원 서비스업
001130,"곡물가공품, 전분 및 전분제품 제조업"
028100,기반조성 및 시설물 축조관련 전문공사업
049770,기타 식품 제조업
111380,"가죽, 가방 및 유사제품 제조업"
002690,1차 철강 제조업
241560,특수 목적용 기계 제조업
005300,비알코올음료 및 얼음 제조업
138040,기타산업군
009900,자동차 신품 부품 제조업
002840,기타 화학제품 제조업
377740,의료용품 및 기타 의약 관련제품 제조업
035150,플라스틱제품 제조업
007210,기타 비금속 광물제품 제조업
002760,기타 화학제품 제조업
005180,동·식물성 유지 및 낙농제품 제조업
028260,기타 전문 도매업
005930,통신 및 방송 장비 제조업
029780,기타산업군
005680,전자부품 제조업
041650,자동차 신품 부품 제조업
248170,기타 식품 제조업
200880,자동차 신품 부품 제조업
004170,종합 소매업
004770,전자부품 제조업
002310,"골판지, 종이 상자 및 종이용기 제조업"
018250,기타 화학제품 제조업
023960,토목 건설업
298690,항공 여객 운송업
244920,보험 및 연금관련 서비스업
446070,제재 및 목재 가공업
003470,금융 지원 서비스업
081000,기타 화학제품 제조업
020760,반도체 제조업
006220,은행 및 저축기관
120030,기타 금속 가공제품 제조업
002600,기타 식품 제조업
071320,"증기, 냉·온수 및 공기조절 공급업"
010640,플라스틱제품 제조업
030200,전기 통신업
014580,"시멘트, 석회, 플라스터 및 그 제품 제조업"
009410,토목 건설업
017810,기타 식품 제조업
002960,석유 정제품 제조업
104700,1차 철강 제조업
161890,기타 화학제품 제조업
003350,기타 화학제품 제조업
011500,기타 화학제품 제조업
002390,의약품 제조업
003680,수산물 가공 및 저장 처리업
052690,"건축기술, 엔지니어링 및 관련 기술 서비스업"
000880,기타 화학제품 제조업
143210,자동차 신품 부품 제조업
000720,토목 건설업
126560,전기 통신업
093370,기초 화학물질 제조업
265520,특수 목적용 기계 제조업
067290,의약품 제조업
035600,소프트웨어 개발 및 공급업
089600,광고업
061970,반도체 제조업
184230,소프트웨어 개발 및 공급업
048770,일반 목적용 기계 제조업
246690,신탁업 및 집합투자업
094480,소프트웨어 개발 및 공급업
066620,실내건축 및 건축마무리 공사업
307750,의약품 제조업
130580,기타 사업지원 서비스업
111710,스포츠 서비스업
042420,소프트웨어 개발 및 공급업
085910,자동차 신품 부품 제조업
104620,여행사 및 기타 여행보조 서비스업
004780,기타 금속 가공제품 제조업
290380,"비료, 농약 및 살균, 살충제 제조업"
140520,1차 철강 제조업
194480,소프트웨어 개발 및 공급업
067990,자동차 판매업
075970,기타 비금속 광물제품 제조업
094170,반도체 제조업
025900,나무제품 제조업
376300,소프트웨어 개발 및 공급업
109740,특수 목적용 기계 제조업
228850,의료용 기기 제조업
281740,기타 화학제품 제조업
098120,전자부품 제조업
049950,특수 목적용 기계 제조업
201490,소프트웨어 개발 및 공급업
100120,의료용 기기 제조업
033560,영상 및 음향기기 제조업
082920,일차전지 및 이차전지 제조업
419120,소프트웨어 개발 및 공급업
023600,"펄프, 종이 및 판지 제조업"
036670,기타 화학제품 제조업
032750,통신 및 방송 장비 제조업
054090,그외 기타 제품 제조업
107600,기타 화학제품 제조업
100660,일반 목적용 기계 제조업
018680,의약품 제조업
093920,통신 및 방송 장비 제조업
178320,기타 전기장비 제조업
122690,자동차 신품 부품 제조업
014620,1차 철강 제조업
080470,자동차 신품 부품 제조업
036830,회사 본부 및 경영 컨설팅 서비스업
013810,특수 목적용 기계 제조업
049830,기타 금속 가공제품 제조업
269620,"측정, 시험, 항해, 제어 및 기타 정밀기기 제조업; 광학기기 제외"
160980,특수 목적용 기계 제조업
376290,전자부품 제조업
413630,플라스틱제품 제조업
083930,특수 목적용 기계 제조업
136410,플라스틱제품 제조업
339950,일반 교습 학원
031310,전기 통신업
061040,통신 및 방송 장비 제조업
117670,반도체 제조업
101490,전자부품 제조업
306040,"가죽, 가방 및 유사제품 제조업"
096690,컴퓨터 및 주변장치 제조업
224110,통신 및 방송 장비 제조업
009780,기타 식품 제조업
105550,전자부품 제조업
049480,"컴퓨터 프로그래밍, 시스템 통합 및 관리업"
109080,통신 및 방송 장비 제조업
041190,기타산업군
115440,통신 및 방송 장비 제조업
215360,자동차 신품 부품 제조업
065370,소프트웨어 개발 및 공급업
900340,기타산업군
142210,자동차 부품 및 내장품 판매업
264450,통신 및 방송 장비 제조업
372170,특수 목적용 기계 제조업
080010,상품 중개업
041830,의료용 기기 제조업
189300,통신 및 방송 장비 제조업
048530,기초 의약물질 제조업
068330,일반 목적용 기계 제조업
950140,기타 화학제품 제조업
234920,가정용 기기 제조업
217190,특수 목적용 기계 제조업
122310,의료용 기기 제조업
381620,특수 목적용 기계 제조업
137950,기타 화학제품 제조업
072020,기초 의약물질 제조업
094850,여행사 및 기타 여행보조 서비스업
094360,반도체 제조업
050110,전자부품 제조업
078340,소프트웨어 개발 및 공급업
102940,기초 의약물질 제조업
015710,통신 및 방송 장비 제조업
294570,기타 정보 서비스업
066310,반도체 제조업
139670,소프트웨어 개발 및 공급업
336680,전자부품 제조업
360070,일차전지 및 이차전지 제조업
204610,소프트웨어 개발 및 공급업
271830,특수 목적용 기계 제조업
005670,"과실, 채소 가공 및 저장 처리업"
094940,컴퓨터 및 주변장치 제조업
053610,특수 목적용 기계 제조업
319660,특수 목적용 기계 제조업
347740,"그외 기타 전문, 과학 및 기술 서비스업"
006140,의료용 기기 제조업
013030,1차 철강 제조업
126700,사진장비 및 광학기기 제조업
106190,기초 의약물질 제조업
002680,"곡물가공품, 전분 및 전분제품 제조업"
034810,기타산업군
214180,기타 정보 서비스업
234340,기타 정보 서비스업
039010,통신 및 방송 장비 제조업
238490,특수 목적용 기계 제조업
149010,반도체 제조업
224810,실내건축 및 건축마무리 공사업
001040,지주회사
000120,도로 화물 운송업
017940,기타 전문 도매업
007070,종합 소매업
012630,기타산업군
443060,"건축기술, 엔지니어링 및 관련 기술 서비스업"
001060,의약품 제조업
096760,기타산업군
105560,기타산업군
033180,전자부품 제조업
003080,"비료, 농약 및 살균, 살충제 제조업"
210980,부동산 임대 및 공급업
017670,전기 통신업
011810,상품 종합 도매업
267290,연료용 가스 제조 및 배관공급업
017900,반도체 제조업
037710,종합 소매업
083420,기타 화학제품 제조업
001570,기초 화학물질 제조업
013700,건물 건설업
004370,기타 식품 제조업
145210,특수 목적용 기계 제조업
008060,반도체 소재
008110,통신 및 방송 장비 제조업
005750,"내화, 비내화 요업제품 제조업"
016710,회사 본부 및 경영 컨설팅 서비스업
001070,직물직조 및 직물제품 제조업
007590,"비료, 농약 및 살균, 살충제 제조업"
000150,기타산업군
016740,자동차 신품 부품 제조업
092200,자동차 신품 부품 제조업
280360,기타 식품 제조업
012690,기타 종이 및 판지 제품 제조업
005360,생활용품 도매업
134380,기타 화학제품 제조업
003850,의약품 제조업
003960,수산물 가공 및 저장 처리업
006090,수산물 가공 및 저장 처리업
006400,일차전지 및 이차전지 제조업
009150,전자부품 제조업
145990,기타 식품 제조업
004440,"시멘트, 석회, 플라스터 및 그 제품 제조업"
000390,기타 화학제품 제조업
007540,기타산업군
008490,기타 화학제품 제조업
058650,1차 철강 제조업
013000,기타 전문 도매업
134790,가구 제조업
000480,"내화, 비내화 요업제품 제조업"
031430,"섬유, 의복, 신발 및 가죽제품 소매업"
019170,의약품 제조업
002030,회사 본부 및 경영 컨설팅 서비스업
085310,"구조용 금속제품, 탱크 및 증기발생기 제조업"
014440,플라스틱제품 제조업
012160,1차 철강 제조업
017370,특수 목적용 기계 제조업
011330,"가죽, 가방 및 유사제품 제조업"
077500,기계장비 및 관련 물품 도매업
139480,종합 소매업
103590,절연선 및 케이블 제조업
001560,기타 비금속 광물제품 제조업
004700,"가죽, 가방 및 유사제품 제조업"
185750,의약품 제조업
272450,항공 여객 운송업
033250,자동차 신품 부품 제조업
035720,"자료처리, 호스팅, 포털 및 기타 인터넷 정보매개 서비스업"
006380,기초 화학물질 제조업
002380,기타 화학제품 제조업
145270,부동산 임대 및 공급업
053210,텔레비전 방송업
003690,재 보험업
120110,화학섬유 제조업
192400,기타산업군
006890,기초 화학물질 제조업
010770,자동차 신품 부품 제조업
003670,일차전지 및 이차전지 제조업
293480,의약품 제조업
213500,"펄프, 종이 및 판지 제조업"
004150,기타산업군
011700,일반 목적용 기계 제조업
018880,일반 목적용 기계 제조업
453340,종합 소매업
017800,일반 목적용 기계 제조업
378850,자동차 신품 부품 제조업
003280,해상 운송업
095340,기계장비 및 관련 물품 도매업
024120,자동차 신품 부품 제조업
226360,토목 건설업
122450,텔레비전 방송업
309960,기타산업군
078020,금융 지원 서비스업
114190,기타 전기장비 제조업
950190,소프트웨어 개발 및 공급업
121440,상품 중개업
366030,의복 액세서리 제조업
204020,봉제의복 제조업
114450,기초 의약물질 제조업
053260,1차 철강 제조업
051490,특수 목적용 기계 제조업
190510,전자부품 제조업
348210,특수 목적용 기계 제조업
065150,음·식료품 및 담배 도매업
027830,신탁업 및 집합투자업
120240,기초 화학물질 제조업
005160,1차 철강 제조업
041930,고무제품 제조업
013120,건물 건설업
362990,광고업
310870,자동차 신품 부품 제조업
038390,여행사 및 기타 여행보조 서비스업
038060,반도체 제조업
058470,전자부품 제조업
012700,기타 전문 도매업
277070,신탁업 및 집합투자업
038290,"그외 기타 전문, 과학 및 기술 서비스업"
067280,기타 교육기관
215200,일반 교습 학원
014100,상품 종합 도매업
140410,자연과학 및 공학 연구개발업
417970,특수 목적용 기계 제조업
333050,소프트웨어 개발 및 공급업
100790,기타산업군
038460,전자부품 제조업
089970,특수 목적용 기계 제조업
251630,특수 목적용 기계 제조업
318410,기타 화학제품 제조업
200780,의약품 제조업
042370,기타산업군
018310,"구조용 금속제품, 탱크 및 증기발생기 제조업"
263810,전자부품 제조업
011370,건물 건설업
045300,전자부품 제조업
053450,사진장비 및 광학기기 제조업
086980,"영화, 비디오물, 방송프로그램 제작 및 배급업"
020710,전문디자인업
036710,회사 본부 및 경영 컨설팅 서비스업
092040,기타 식품 제조업
127710,"자료처리, 호스팅, 포털 및 기타 인터넷 정보매개 서비스업"
214430,전자부품 제조업
119830,"그외 기타 전문, 과학 및 기술 서비스업"
084850,전자부품 제조업
027360,기타산업군
032080,"섬유제품 염색, 정리 및 마무리 가공업"
059120,반도체 제조업
217480,기타 화학제품 제조업
042110,가정용 기기 제조업
031330,기계장비 및 관련 물품 도매업
246250,"그외 기타 전문, 과학 및 기술 서비스업"
041510,오디오물 출판 및 원판 녹음업
365330,"구조용 금속제품, 탱크 및 증기발생기 제조업"
234300,"컴퓨터 프로그래밍, 시스템 통합 및 관리업"
039440,특수 목적용 기계 제조업
097780,자동차 신품 부품 제조업
448280,기타 전문 서비스업
247540,일차전지 및 이차전지 제조업
373200,그외 기타 제품 제조업
265740,기타 화학제품 제조업
048830,합성고무 및 플라스틱 물질 제조업
413390,특수 목적용 기계 제조업
347890,"측정, 시험, 항해, 제어 및 기타 정밀기기 제조업; 광학기기 제외"
060850,소프트웨어 개발 및 공급업
250930,플라스틱제품 제조업
080520,반도체 제조업
031510,자동차 신품 부품 제조업
138080,통신 및 방송 장비 제조업
007530,기타 금속 가공제품 제조업
096250,소프트웨어 개발 및 공급업
019210,기타 금속 가공제품 제조업
037400,상품 종합 도매업
065680,전자부품 제조업
307280,의료용품 및 기타 의약 관련제품 제조업
008370,플라스틱제품 제조업
065950,직물직조 및 직물제품 제조업
044340,가정용 기기 제조업
344860,기타 화학제품 제조업
099750,소프트웨어 개발 및 공급업
377330,"전동기, 발전기 및 전기 변환 · 공급 · 제어 장치 제조업"
039290,기타 정보 서비스업
094820,전기 및 통신 공사업
054950,일반 목적용 기계 제조업
417500,기타 화학제품 제조업
033050,기타 화학제품 제조업
089790,특수 목적용 기계 제조업
038010,"구조용 금속제품, 탱크 및 증기발생기 제조업"
263860,소프트웨어 개발 및 공급업
313760,"전동기, 발전기 및 전기 변환 · 공급 · 제어 장치 제조업"
221980,기타 화학제품 제조업
073010,일반 목적용 기계 제조업
056360,통신 및 방송 장비 제조업
322780,"영화, 비디오물, 방송프로그램 제작 및 배급업"
405100,"그외 기타 전문, 과학 및 기술 서비스업"
110790,봉제의복 제조업
393210,소프트웨어 개발 및 공급업
290090,소프트웨어 개발 및 공급업
026150,토목 건설업
119500,기타 금속 가공제품 제조업
331380,영상 및 음향기기 제조업
114630,화학섬유 제조업
445180,기초 화학물질 제조업
151910,전자부품 제조업
137400,특수 목적용 기계 제조업
128660,1차 비철금속 제조업
163730,소프트웨어 개발 및 공급업
053300,소프트웨어 개발 및 공급업
054040,전자부품 제조업
030520,소프트웨어 개발 및 공급업
114810,특수 목적용 기계 제조업
042520,의료용품 및 기타 의약 관련제품 제조업
007770,기초 화학물질 제조업
170030,자동차 신품 부품 제조업
052260,기타 화학제품 제조업
065510,의료용 기기 제조업
037440,"건축기술, 엔지니어링 및 관련 기술 서비스업"
207490,전구 및 조명장치 제조업
116100,자동차 신품 부품 제조업
006840,지주회사
000590,기타산업군
016610,금융 지원 서비스업
000990,반도체 제조업
000210,기초 화학물질 제조업
383220,봉제의복 제조업
078930,기타산업군
010620,선박 및 보트 건조업
267260,"전동기, 발전기 및 전기 변환 · 공급 · 제어 장치 제조업"
329180,선박 및 보트 건조업
298050,화학섬유 제조업
092220,반도체 제조업
001390,기초 화학물질 제조업
003550,지주회사
011070,전자부품 제조업
001120,상품 중개업
383800,기타산업군
005940,금융 지원 서비스업
034310,회사 본부 및 경영 컨설팅 서비스업
001770,1차 철강 제조업
018670,기타 전문 도매업
285130,합성고무 및 플라스틱 물질 제조업
139130,기타산업군
000500,절연선 및 케이블 제조업
000860,기타 화학제품 제조업
002140,"곡물가공품, 전분 및 전분제품 제조업"
010130,1차 비철금속 제조업
024890,플라스틱제품 제조업
002880,자동차 신품 부품 제조업
001790,"곡물가공품, 전분 및 전분제품 제조업"
003830,화학섬유 제조업
192080,소프트웨어 개발 및 공급업
012510,"컴퓨터 프로그래밍, 시스템 통합 및 관리업"
004830,플라스틱제품 제조업
002150,"건축기술, 엔지니어링 및 관련 기술 서비스업"
023450,기초 화학물질 제조업
004140,기타 운송관련 서비스업
026960,음·식료품 및 담배 도매업
084670,육상 여객 운송업
034020,일반 목적용 기계 제조업
024090,1차 철강 제조업
070960,일반 및 생활 숙박시설 운영업
002070,봉제의복 제조업
007160,수산물 가공 및 저장 처리업
028050,"건축기술, 엔지니어링 및 관련 기술 서비스업"
032830,보험업
003230,기타 식품 제조업
002810,기타 전문 도매업
023000,자동차 신품 부품 제조업
000520,의약품 제조업
004690,연료용 가스 제조 및 배관공급업
017390,연료용 가스 제조 및 배관공급업
004980,"시멘트, 석회, 플라스터 및 그 제품 제조업"
011300,직물직조 및 직물제품 제조업
000180,회사 본부 및 경영 컨설팅 서비스업
004360,도로 화물 운송업
067830,종합 소매업
075580,선박 및 보트 건조업
031440,음식점업
002870,기타 전문 도매업
112610,"구조용 금속제품, 탱크 및 증기발생기 제조업"
002790,기타 화학제품 제조업
137310,의료용 기기 제조업
097520,영상 및 음향기기 제조업
005320,생활용품 도매업
316140,기타산업군
008600,생활용품 도매업
002920,자동차 신품 부품 제조업
000700,회사 본부 및 경영 컨설팅 서비스업
008730,플라스틱제품 제조업
249420,의약품 제조업
003120,의약품 제조업
030000,광고업
018470,1차 비철금속 제조업
000650,육상 여객 운송업
323410,은행 및 저축기관
381970,자동차 판매업
044820,기타산업군
005740,조선
004100,자동차 신품 부품 제조업
019180,기타 전기장비 제조업
363280,기타산업군
028670,해상 운송업
090080,자동차 신품 부품 제조업
352820,오디오물 출판 및 원판 녹음업
000080,알코올음료 제조업
010100,자동차 신품 부품 제조업
123890,신탁업 및 집합투자업
006200,에너지
017960,"구조용 금속제품, 탱크 및 증기발생기 제조업"
161390,고무제품 제조업
053690,"건축기술, 엔지니어링 및 관련 기술 서비스업"
008930,제약/바이오
014680,기초 화학물질 제조업
010420,기타 전문 도매업
002220,1차 철강 제조업
042660,선박 및 보트 건조업
086280,기타 운송관련 서비스업
001450,보험업
241590,신발 및 신발 부분품 제조업
032560,1차 비철금속 제조업
139050,"컴퓨터 프로그래밍, 시스템 통합 및 관리업"
126600,합성고무 및 플라스틱 물질 제조업
297890,특수 목적용 기계 제조업
417200,전자부품 제조업
060250,금융 지원 서비스업
063570,기타 사업지원 서비스업
016250,건물 건설업
013720,자동차 신품 부품 제조업
032540,영상 및 음향기기 제조업
014570,의약품 제조업
026910,1차 철강 제조업
043650,알코올음료 제조업
095660,소프트웨어 개발 및 공급업
033640,반도체 제조업
089140,특수 목적용 기계 제조업
194700,기타 식품 제조업
144960,특수 목적용 기계 제조업
032190,기계장비 및 관련 물품 도매업
017650,기타 종이 및 판지 제품 제조업
045390,기타 전기장비 제조업
007680,건물 건설업
078600,전자부품 제조업
228340,"시멘트, 석회, 플라스터 및 그 제품 제조업"
032960,전자부품 제조업
073190,가구 제조업
110990,특수 목적용 기계 제조업
092070,기타 화학제품 제조업
068930,일반 교습 학원
263020,플라스틱제품 제조업
084650,자연과학 및 공학 연구개발업
215100,기타 전기장비 제조업
900260,기타산업군
067730,"컴퓨터 프로그래밍, 시스템 통합 및 관리업"
267980,동·식물성 유지 및 낙농제품 제조업
072870,"서적, 잡지 및 기타 인쇄물 출판업"
133750,일반 교습 학원
086900,기초 의약물질 제조업
408920,기타 사업지원 서비스업
001810,"펄프, 종이 및 판지 제조업"
225530,기타 비금속 광물제품 제조업
250000,음·식료품 및 담배 도매업
032850,소프트웨어 개발 및 공급업
451250,기타 화학제품 제조업
054540,"구조용 금속제품, 탱크 및 증기발생기 제조업"
002290,건물 건설업
037460,통신 및 방송 장비 제조업
027580,플라스틱제품 제조업
063170,상품 중개업
065710,"전동기, 발전기 및 전기 변환 · 공급 · 제어 장치 제조업"
357780,기타 화학제품 제조업
059100,전자부품 제조업
052460,"컴퓨터 프로그래밍, 시스템 통합 및 관리업"
124500,"컴퓨터 프로그래밍, 시스템 통합 및 관리업"
270660,가정용 기기 제조업
237690,의약품 제조업
038110,자동차 신품 부품 제조업
073540,통신 및 방송 장비 제조업
070300,소프트웨어 개발 및 공급업
067570,자동차 신품 부품 제조업
073110,전자부품 제조업
259630,특수 목적용 기계 제조업
053980,소프트웨어 개발 및 공급업
080580,전자부품 제조업
251370,기초 화학물질 제조업
122870,오디오물 출판 및 원판 녹음업
217820,특수 목적용 기계 제조업
076080,건물 건설업
123420,소프트웨어 개발 및 공급업
078070,기타산업군
054930,"건축기술, 엔지니어링 및 관련 기술 서비스업"
900110,기타산업군
088290,자동차 신품 부품 제조업
079950,특수 목적용 기계 제조업
037330,전자부품 제조업
211050,보험 및 연금관련 서비스업
119610,의료용 기기 제조업
019540,자동차 신품 부품 제조업
094970,전자부품 제조업
420570,기타 화학제품 제조업
119850,"전동기, 발전기 및 전기 변환 · 공급 · 제어 장치 제조업"
278280,기초 화학물질 제조업
071850,자동차 신품 부품 제조업
900310,기타산업군
089150,"컴퓨터 프로그래밍, 시스템 통합 및 관리업"
025880,동물용 사료 및 조제식품 제조업
093320,"자료처리, 호스팅, 포털 및 기타 인터넷 정보매개 서비스업"
083550,기타 섬유제품 제조업
096240,일반 교습 학원
095610,특수 목적용 기계 제조업
340570,의료용품 및 기타 의약 관련제품 제조업
356860,전자부품 제조업
130740,자동차 신품 부품 제조업
033540,특수 목적용 기계 제조업
140860,"측정, 시험, 항해, 제어 및 기타 정밀기기 제조업; 광학기기 제외"
251970,플라스틱제품 제조업
472850,"섬유, 의복, 신발 및 가죽제품 소매업"
041910,의약품 제조업
023770,소프트웨어 개발 및 공급업
032580,반도체 제조업
161580,특수 목적용 기계 제조업
166090,반도체 제조업
136480,"도축, 육류 가공 및 저장 처리업"
003380,기타산업군
023760,기타산업군
021650,플라스틱제품 제조업
092460,선박 및 보트 건조업
024740,자동차 신품 부품 제조업
319400,일반 목적용 기계 제조업
028080,"컴퓨터 프로그래밍, 시스템 통합 및 관리업"
189980,비알코올음료 및 얼음 제조업
